no.,word, sentence
1,Metaphysics, "In the realm of metaphysics, questions about existence and reality are explored."
2,Epistemology, "Epistemology is the branch of philosophy that examines the nature of knowledge."
3,Logic, "Logic is the systematic study of valid inference and demonstration."
4,Ethics, "Ethics is the philosophical study of moral values and rules."
5,Aesthetics, "Aesthetics is a branch of philosophy that explores the nature of art, beauty, and taste."
6,Existence, "The question of the existence of a higher power has been debated for centuries."
7,Reality, "Reality is often perceived differently by different individuals."
8,Consciousness, "Consciousness is the state of being aware of one's surroundings."
9,Identity, "Identity is the distinguishing character or personality of an individual."
10,Time, "Time is a measure in which events can be ordered from the past through the present into the future."
11,Space, "Space is the boundless three-dimensional extent in which objects and events occur and have relative position and direction."
12,Causality, "Causality is the relationship between an event (the cause) and a second event (the effect)."
13,Freedom, "Freedom is the power or right to act, speak, or think as one wants."
14,Determinism, "Determinism is the philosophical doctrine that all events transpire in virtue of some necessity and are therefore inevitable."
15,God, "Belief in God is a central feature of many religions."
16,Soul, "The soul is often considered the spiritual part of a human, which some believe is immortal."
17,Universe, "The universe is all of space and time and their contents, including planets, stars, galaxies, and all other forms of matter and energy."
18,Knowledge, "Knowledge is the understanding and awareness of facts, information, skills, and concepts."
19,Belief, "Belief is the acceptance that something exists or is true, especially without proof."
20,Truth, "Truth is the property of being in accord with fact or reality."
21,Justification, "Justification is the action of showing something to be right or reasonable."
22,Perception, "Perception is the process of attaining awareness or understanding of sensory information."
23,Memory, "Memory is the faculty of the brain by which data or information is encoded, stored, and retrieved."
24,Intuition, "Intuition is the ability to understand something instinctively, without the need for conscious reasoning."
25,Reason, "Reason is the capacity for consciously making sense of things, applying logic, and adapting or justifying practices, institutions, and beliefs based on new or existing information."
26,Argument, "An argument is a series of statements intended to determine whether a proposition is true."
27,Fallacy, "A fallacy is the use of invalid or otherwise faulty reasoning in the construction of an argument."
28,Proposition, "A proposition is a statement expressing something true or false."
29,Inference, "Inference is the act or process of deriving logical conclusions from premises known or assumed to be true."
30,Validity, "Validity is the quality of being logically or factually sound."
31,Morality, "Morality is the differentiation of intentions, decisions, and actions between those that are distinguished as proper and those that are improper."
32,Good, "Good is a term associated with moral righteousness."
33,Evil, "Evil is a term associated with moral wrongness."
34,Right, "Right is a term associated with moral correctness."
35,Wrong, "Wrong is a term associated with moral incorrectness."
36,Justice, "Justice is the legal or philosophical theory by which fairness is administered."
37,Virtue, "Virtue is a trait or quality deemed to be morally good."
38,Value, "Value is the regard that something is held to deserve; the importance, worth, or usefulness of something."
39,Duty, "Duty is a moral or legal obligation; a responsibility."
40,Happiness, "Happiness is a state of well-being and contentment."
41,Beauty, "Beauty is a combination of qualities, such as shape, color, or form, that pleases the aesthetic senses, especially the sight."
42,Art, "Art is the expression or application of human creative skill and imagination."
43,Taste, "Taste is the sensation of flavor perceived in the mouth and throat on contact with a substance."
44,Judgment, "Judgment is the ability to make considered decisions or come to sensible conclusions."
45,Interpretation, "Interpretation is the action of explaining the meaning of something."
46,Representation, "Representation is the action of speaking or acting on behalf of someone or the state of being so represented."
47,Expression, "Expression is the process of making known one's thoughts or feelings."
48,Imagination, "Imagination is the faculty or action of forming new ideas, or images or concepts of external objects not present to the senses."
49,Creativity, "Creativity is the use of imagination or original ideas to create something."