no.,word
1,Animal
2,Plant
3,Bacteria
4,Fungi
5,Protist
6,Archaea
7,Eukaryote
8,Prokaryote
9,Species
10,Genus
11,Family
12,Order
13,Class
14,Phylum
15,Kingdom
16,Domain
17,Life
18,Cell
19,Organism
20,Population
21,Community
22,Ecosystem
23,Biosphere
24,Evolution
25,Adaptation
26,Natural Selection
27,Mutation
28,Variation
29,Heredity
30,Genetics
31,DNA
32,Gene
33,Chromosome
34,Nucleus
35,Mitosis
36,Meiosis
37,Reproduction
38,Fertilization
39,Zygote
40,Embryo
41,Development
42,Growth
43,Aging
44,Death
45,Behavior
46,Learning
47,Intelligence
48,Emotion
49,Instinct
50,Communication
51,Language
52,Culture
53,Society
54,Economy
55,Politics
56,Religion
57,Science
58,Technology
59,Art
60,Literature
61,Music
62,Philosophy
63,History
64,Geography
65,Mathematics
66,Physics
67,Chemistry
68,Biology
69,Psychology
70,Sociology
71,Anthropology
72,Archaeology
73,Astronomy
74,Geology
75,Meteorology
76,Ecology
77,Medicine
78,Engineering
79,Computer Science
80,Information
81,Data
82,Theory
83,Hypothesis
84,Experiment
85,Observation
86,Measurement
87,Analysis
88,Interpretation
89,Conclusion
90,Publication
91,Review
92,Replication
93,Knowledge
94,Understanding
95,Wisdom
96,Truth
97,Fact
98,Belief
99,Opinion
100,Perspective
101,Bias
102,Prejudice
103,Discrimination
104,Equality
105,Justice
106,Freedom
107,Rights
108,Responsibility
109,Ethics
110,Morality
111,Law
112,Government
113,Power
114,Authority
115,Leadership
116,Democracy
117,Republic
118,Monarchy
119,Dictatorship
120,Anarchy
121,War
122,Peace
123,Conflict
124,Cooperation
125,Competition
126,Success
127,Failure
128,Reward
129,Punishment
130,Wealth
131,Poverty
132,Health
133,Disease
134,Happiness
135,Suffering
136,Love
137,Hate
138,Desire
139,Fear
140,Joy
141,Sadness
142,Anger
143,Surprise
144,Disgust
145,Trust
146,Doubt
147,Confidence
148,Insecurity
149,Pride
150,Shame
151,Respect
152,Disrespect
153,Friendship
154,Enmity
155,Loyalty
156,Betrayal
157,Honesty
158,Deception
159,Generosity
160,Selfishness
161,Courage
162,Cowardice
163,Optimism
164,Pessimism
165,Hope
166,Despair
167,Patience
168,Impatience
169,Humility
170,Arrogance
171,Forgiveness
172,Revenge
173,Gratitude
174,Ingratitude
175,Sympathy
176,Apathy
177,Empathy
178,Indifference
179,Compassion
180,Cruelty
181,Kindness
182,Meanness
183,Beauty
184,Ugliness
185,Creativity
186,Destruction
187,Simplicity
188,Complexity
189,Order
190,Chaos
191,Unity
192,Diversity
193,Stability
194,Change
195,Tradition
196,Innovation
197,Conservation
198,Exploitation
199,Sustainability
200,Degradation
201,Harmony
202,Conflict
203,Reality
204,Illusion
205,Existence
206,Nonexistence
207,Life
208,Death
209,Beginning
210,End
211,Eternity
212,Time
213,Past
214,Present
215,Future
216,Space
217,Place
218,Location
219,Direction
220,Distance
221,Size
222,Shape
223,Color
224,Texture
225,Sound
226,Smell
227,Taste
228,Touch
229,Sight
230,Hearing
231,Smell
232,Taste
233,Touch
234,Perception
235,Sensation
236,Consciousness
237,Unconsciousness
238,Dream
239,Nightmare
240,Sleep
241,Wakefulness
242,Energy
243,Matter
244,Force
245,Motion
246,Speed
247,Velocity
248,Acceleration
249,Inertia
250,Momentum
251,Gravity
252,Electromagnetism
253,Strong Force
254,Weak Force
255,Quantum
256,Relativity
257,Atom
258,Molecule
259,Compound
260,Element
261,Electron
262,Proton
263,Neutron
264,Quark
265,Lepton
266,Boson
267,Photon
268,Neutrino
269,Meson
270,Baryon
271,Hadron
272,Fermion
273,Antiparticle
274,Dark Matter
275,Dark Energy
276,Universe
277,Galaxy
278,Star
279,Planet
280,Moon
281,Comet
282,Asteroid
283,Meteor
284,Black Hole
285,Nebula
286,Supernova
287,Big Bang
288,Singularity
289,Multiverse
290,Dimension
291,Space-Time
292,Continuum
293,Infinity
294,Void
295,Vacuum
296,Field
297,Wave
298,Particle
299,Duality
300,Uncertainty
301,Probability
302,Determinism
303,Chaos
304,Order
305,Symmetry
306,Asymmetry
307,Balance
308,Imbalance
309,Harmony
310,Discord
311,Resonance
312,Dissonance
313,Vibration
314,Frequency
315,Amplitude
316,Wavelength
317,Phase
318,Cycle
319,Oscillation
320,Pulse
321,Beat
322,Rhythm
323,Tempo
324,Melody
325,Harmony
326,Chord
327,Scale
328,Key
329,Note
330,Tone
331,Pitch
332,Volume
333,Timbre
334,Noise
335,Silence
336,Sound
337,Music
338,Song
339,Symphony
340,Concerto
341,Sonata
342,Opera
343,Ballet
344,Dance
345,Drama
346,Comedy
347,Tragedy
348,Romance
349,Mystery
350,Horror
351,Fantasy
352,Science Fiction
353,Adventure
354,Action
355,Thriller
356,Crime
357,Detective
358,Spy
359,War
360,Western
361,Historical
362,Biographical
363,Documentary
364,Reality
365,Animation
366,Cartoon
367,Graphic Novel
368,Comic Book
369,Manga
370,Anime
371,Video Game
372,Role-Playing
373,Strategy
374,Simulation
375,Sports
376,Racing
377,Fighting
378,Shooting
379,Adventure
380,Puzzle
381,Platform
382,Action
383,Arcade
384,Casual
385,Educational
386,Music
387,Dance
388,Art
389,Literature
390,Poetry
391,Prose
392,Fiction
393,Nonfiction
394,Biography
395,Autobiography
396,Memoir
397,Essay
398,Article
399,Report
400,Review
401,Critique
402,Analysis
403,Interpretation
404,Translation
405,Commentary
406,Annotation
407,Glossary
408,Dictionary
409,Thesaurus
410,Encyclopedia
411,Atlas
412,Almanac
413,Guidebook
414,Manual
415,Textbook
416,Workbook
417,Notebook
418,Journal
419,Diary
420,Letter
421,Email
422,Blog
423,Website
424,Forum
425,Chat
426,Social Media
427,News
428,Newspaper
429,Magazine
430,Book
431,Novel
432,Short Story
433,Play
434,Screenplay
435,Script
436,Dialogue
437,Monologue
438,Speech
439,Lecture
440,Presentation
441,Debate
442,Interview
443,Discussion
444,Conversation
445,Talk
446,Chat
447,Gossip
448,Rumor
449,Secret
450,Truth
451,Lie
452,Fact
453,Opinion
454,Belief
455,Doubt
456,Knowledge
457,Ignorance
458,Wisdom
459,Foolishness
460,Intelligence
461,Stupidity
462,Genius
463,Madness
464,Sanity
465,Reality
466,Fantasy
467,Dream
468,Nightmare
469,Vision
470,Illusion
471,Delusion
472,Hallucination
473,Perception
474,Sensation
475,Feeling
476,Emotion
477,Thought
478,Idea
479,Concept
480,Theory
481,Hypothesis
482,Assumption
483,Premise
484,Conclusion
485,Argument
486,Proof
487,Evidence
488,Fact
489,Data
490,Information
491,Knowledge
492,Wisdom
493,Understanding
494,Insight
495,Enlightenment
496,Illumination
497,Revelation
498,Epiphany
499,Awakening
500,Realization
